ID,Treatment,Tank,Core,Depth,Sediment,Length,Sampled,Day,Mass,Inorganic,Tube,Organic,Analysed,%C,δ13C
C1.1.1,Control,1,1,1,Coarse,20.5,17.04.24,-1,111.26386,,,,,,
C1.1.2,Control,1,1,2,Coarse,20.5,17.04.24,-1,145.45655,,,,,,
C1.1.3,Control,1,1,3,Coarse,20.5,17.04.24,-1,89.14398,,,,,,
C1.1.4,Control,1,1,4,Coarse,20.5,17.04.24,-1,103.6355,,,,,,
C1.1.5,Control,1,1,5,Coarse,20.5,17.04.24,-1,126.99405,,,,,,
C1.1.6,Control,1,1,6,Coarse,20.5,17.04.24,-1,124.50265,,,,,,
C1.1.7,Control,1,1,7,Coarse,20.5,17.04.24,-1,171.3956,,,,,,
C1.1.8,Control,1,1,8,Coarse,20.5,17.04.24,-1,140.70055,,,,,,
C1.1.9,Control,1,1,9,Coarse,20.5,17.04.24,-1,134.45305,,,,,,
C1.1.10,Control,1,1,10,Coarse,20.5,17.04.24,-1,122.3354,,,,,,
C1.1.11,Control,1,1,11,Coarse,20.5,17.04.24,-1,146.32855,,,,,,
C1.1.12,Control,1,1,12,Coarse,20.5,17.04.24,-1,138.66495,,,,,,
C1.1.13,Control,1,1,13,Coarse,20.5,17.04.24,-1,163.1677,,,,,,
C1.1.14,Control,1,1,14,Coarse,20.5,17.04.24,-1,133.25995,,,,,,
C1.1.15,Control,1,1,15,Coarse,20.5,17.04.24,-1,137.22595,,,,,,
C1.1.16,Control,1,1,16,Coarse,20.5,17.04.24,-1,130.71645,,,,,,
C1.1.17,Control,1,1,17,Coarse,20.5,17.04.24,-1,113.55232,,,,,,
C1.1.18,Control,1,1,18,Coarse,20.5,17.04.24,-1,123.6271,,,,,,
C1.1.19,Control,1,1,19,Coarse,20.5,17.04.24,-1,110.39574,,,,,,
C1.1.20,Control,1,1,20,Coarse,20.5,17.04.24,-1,188.12705,,,,,,
C1.1.21,Control,1,1,21,Coarse,20.5,17.04.24,-1,86.60608,,,,,,
C1.2.1,Control,1,2,1,Fine,23.75,17.04.24,-1,91.18802,,,,,,
C1.2.2,Control,1,2,2,Fine,23.75,17.04.24,-1,75.27766,,,,,,
C1.2.3,Control,1,2,3,Fine,23.75,17.04.24,-1,92.93602,,,,,,
C1.2.4,Control,1,2,4,Fine,23.75,17.04.24,-1,75.26878,,,,,,
C1.2.5,Control,1,2,5,Fine,23.75,17.04.24,-1,93.02664,,,,,,
C1.2.6,Control,1,2,6,Fine,23.75,17.04.24,-1,89.87838,,,,,,
C1.2.7,Control,1,2,7,Fine,23.75,17.04.24,-1,89.70704,,,,,,
C1.2.8,Control,1,2,8,Fine,23.75,17.04.24,-1,80.35932,,,,,,
C1.2.9,Control,1,2,9,Fine,23.75,17.04.24,-1,85.39034,,,,,,
C1.2.10,Control,1,2,10,Fine,23.75,17.04.24,-1,96.07652,,,,,,
C1.2.11,Control,1,2,11,Fine,23.75,17.04.24,-1,97.30002,,,,,,
C1.2.12,Control,1,2,12,Fine,23.75,17.04.24,-1,122.65495,,,,,,
C1.2.13,Control,1,2,13,Fine,23.75,17.04.24,-1,102.2277,,,,,,
C1.2.14,Control,1,2,14,Fine,23.75,17.04.24,-1,72.67774,,,,,,
C1.2.15,Control,1,2,15,Fine,23.75,17.04.24,-1,130.35055,,,,,,
C1.2.16,Control,1,2,16,Fine,23.75,17.04.24,-1,108.79888,,,,,,
C1.2.17,Control,1,2,17,Fine,23.75,17.04.24,-1,103.59156,,,,,,
C1.2.18,Control,1,2,18,Fine,23.75,17.04.24,-1,137.44575,,,,,,
C1.2.19,Control,1,2,19,Fine,23.75,17.04.24,-1,105.72178,,,,,,
C1.2.20,Control,1,2,20,Fine,23.75,17.04.24,-1,101.11192,,,,,,
C1.2.21,Control,1,2,21,Fine,23.75,17.04.24,-1,397.583,,,,,,
C2.1.1,Control,2,1,1,Fine,22.75,17.04.24,-1,69.3554,,,,,,
C2.1.2,Control,2,1,2,Fine,22.75,17.04.24,-1,77.95262,,,,,,
C2.1.3,Control,2,1,3,Fine,22.75,17.04.24,-1,89.37906,,,,,,
C2.1.4,Control,2,1,4,Fine,22.75,17.04.24,-1,98.37194,,,,,,
C2.1.5,Control,2,1,5,Fine,22.75,17.04.24,-1,93.45508,,,,,,
C2.1.6,Control,2,1,6,Fine,22.75,17.04.24,-1,88.93996,,,,,,
C2.1.7,Control,2,1,7,Fine,22.75,17.04.24,-1,84.09844,,,,,,
C2.1.8,Control,2,1,8,Fine,22.75,17.04.24,-1,75.60946,,,,,,
C2.1.9,Control,2,1,9,Fine,22.75,17.04.24,-1,95.16418,,,,,,
C2.1.10,Control,2,1,10,Fine,22.75,17.04.24,-1,81.75724,,,,,,
C2.1.11,Control,2,1,11,Fine,22.75,17.04.24,-1,101.93268,,,,,,
C2.1.12,Control,2,1,12,Fine,22.75,17.04.24,-1,88.53844,,,,,,
C2.1.13,Control,2,1,13,Fine,22.75,17.04.24,-1,103.56872,,,,,,
C2.1.14,Control,2,1,14,Fine,22.75,17.04.24,-1,118.60212,,,,,,
C2.1.15,Control,2,1,15,Fine,22.75,17.04.24,-1,94.43234,,,,,,
C2.1.16,Control,2,1,16,Fine,22.75,17.04.24,-1,106.34116,,,,,,
C2.1.17,Control,2,1,17,Fine,22.75,17.04.24,-1,115.40886,,,,,,
C2.1.18,Control,2,1,18,Fine,22.75,17.04.24,-1,99.44742,,,,,,
C2.1.19,Control,2,1,19,Fine,22.75,17.04.24,-1,105.75734,,,,,,
C2.1.20,Control,2,1,20,Fine,22.75,17.04.24,-1,107.37276,,,,,,
C2.1.21,Control,2,1,21,Fine,22.75,17.04.24,-1,292.382,,,,,,
C2.2.1,Control,2,2,1,Fine,23.45,17.04.24,-1,,,,,,,
C2.2.2,Control,2,2,2,Fine,23.45,17.04.24,-1,76.9612,,,,,,
C2.2.3,Control,2,2,3,Fine,23.45,17.04.24,-1,,,,,,,
C2.2.4,Control,2,2,4,Fine,23.45,17.04.24,-1,82.71088,,,,,,
C2.2.5,Control,2,2,5,Fine,23.45,17.04.24,-1,90.52172,,,,,,
C2.2.6,Control,2,2,6,Fine,23.45,17.04.24,-1,84.50904,,,,,,
C2.2.7,Control,2,2,7,Fine,23.45,17.04.24,-1,85.20688,,,,,,
C2.2.8,Control,2,2,8,Fine,23.45,17.04.24,-1,,,,,,,
C2.2.9,Control,2,2,9,Fine,23.45,17.04.24,-1,94.24544,,,,,,
C2.2.10,Control,2,2,10,Fine,23.45,17.04.24,-1,94.73676,,,,,,
C2.2.11,Control,2,2,11,Fine,23.45,17.04.24,-1,101.05888,,,,,,
C2.2.12,Control,2,2,12,Fine,23.45,17.04.24,-1,,,,,,,
C2.2.13,Control,2,2,13,Fine,23.45,17.04.24,-1,110.09774,,,,,,
C2.2.14,Control,2,2,14,Fine,23.45,17.04.24,-1,102.45848,,,,,,
C2.2.15,Control,2,2,15,Fine,23.45,17.04.24,-1,,,,,,,
C2.2.16,Control,2,2,16,Fine,23.45,17.04.24,-1,126.74275,,,,,,
C2.2.17,Control,2,2,17,Fine,23.45,17.04.24,-1,,,,,,,
C2.2.18,Control,2,2,18,Fine,23.45,17.04.24,-1,100.81476,,,,,,
C2.2.19,Control,2,2,19,Fine,23.45,17.04.24,-1,,,,,,,
C2.2.20,Control,2,2,20,Fine,23.45,17.04.24,-1,,,,,,,
C2.2.21,Control,2,2,21,Fine,23.45,17.04.24,-1,,,,,,,
C2.3.1,Control,2,3,1,Fine,23.45,17.04.24,-1,42.25701,,,,,,
C2.3.2,Control,2,3,2,Fine,23.45,17.04.24,-1,65.69096,,,,,,
C2.3.3,Control,2,3,3,Fine,23.45,17.04.24,-1,83.74588,,,,,,
C2.3.4,Control,2,3,4,Fine,23.45,17.04.24,-1,,,,,,,
C2.3.5,Control,2,3,5,Fine,23.45,17.04.24,-1,,,,,,,
C2.3.6,Control,2,3,6,Fine,23.45,17.04.24,-1,78.65708,,,,,,
C2.3.7,Control,2,3,7,Fine,23.45,17.04.24,-1,95.24806,,,,,,
C2.3.8,Control,2,3,8,Fine,23.45,17.04.24,-1,,,,,,,
C2.3.9,Control,2,3,9,Fine,23.45,17.04.24,-1,95.08684,,,,,,
C2.3.10,Control,2,3,10,Fine,23.45,17.04.24,-1,96.1522,,,,,,
C2.3.11,Control,2,3,11,Fine,23.45,17.04.24,-1,87.7379,,,,,,
C2.3.12,Control,2,3,12,Fine,23.45,17.04.24,-1,112.64704,,,,,,
C2.3.13,Control,2,3,13,Fine,23.45,17.04.24,-1,81.38286,,,,,,
C2.3.14,Control,2,3,14,Fine,23.45,17.04.24,-1,118.81414,,,,,,
C2.3.15,Control,2,3,15,Fine,23.45,17.04.24,-1,106.95926,,,,,,
C2.3.16,Control,2,3,16,Fine,23.45,17.04.24,-1,,,,,,,
C2.3.17,Control,2,3,17,Fine,23.45,17.04.24,-1,,,,,,,
C2.3.18,Control,2,3,18,Fine,23.45,17.04.24,-1,92.74264,,,,,,
C2.3.19,Control,2,3,19,Fine,23.45,17.04.24,-1,,,,,,,
C2.3.20,Control,2,3,20,Fine,23.45,17.04.24,-1,103.39774,,,,,,
C2.3.21,Control,2,3,21,Fine,23.45,17.04.24,-1,459.734,,,,,,
K1.1.1,Kelp,1,1,1,Fine,26.15,09.05.24,21,,,,,,,
K1.1.2,Kelp,1,1,2,Fine,26.15,09.05.24,21,,,,,,,
K1.1.3,Kelp,1,1,3,Fine,26.15,09.05.24,21,,,,,,,
K1.1.4,Kelp,1,1,4,Fine,26.15,09.05.24,21,,,,,,,
K1.1.5,Kelp,1,1,5,Fine,26.15,09.05.24,21,,,,,,,
K1.1.6,Kelp,1,1,6,Fine,26.15,09.05.24,21,,,,,,,
K1.1.7,Kelp,1,1,7,Fine,26.15,09.05.24,21,,,,,,,
K1.1.8,Kelp,1,1,8,Fine,26.15,09.05.24,21,,,,,,,
K1.1.9,Kelp,1,1,9,Fine,26.15,09.05.24,21,,,,,,,
K1.1.10,Kelp,1,1,10,Fine,26.15,09.05.24,21,,,,,,,
K1.1.11,Kelp,1,1,11,Fine,26.15,09.05.24,21,,,,,,,
K1.1.12,Kelp,1,1,12,Fine,26.15,09.05.24,21,,,,,,,
K1.1.13,Kelp,1,1,13,Fine,26.15,09.05.24,21,,,,,,,
K1.1.14,Kelp,1,1,14,Fine,26.15,09.05.24,21,,,,,,,
K1.1.15,Kelp,1,1,15,Fine,26.15,09.05.24,21,,,,,,,
K1.1.16,Kelp,1,1,16,Fine,26.15,09.05.24,21,,,,,,,
K1.1.17,Kelp,1,1,17,Fine,26.15,09.05.24,21,,,,,,,
K1.1.18,Kelp,1,1,18,Fine,26.15,09.05.24,21,,,,,,,
K1.1.19,Kelp,1,1,19,Fine,26.15,09.05.24,21,,,,,,,
K1.1.20,Kelp,1,1,20,Fine,26.15,09.05.24,21,,,,,,,
K1.1.21,Kelp,1,1,21,Fine,26.15,09.05.24,21,738.8,,,,,,
K1.2.1,Kelp,1,2,1,Coarse,24.1,15.05.24,27,,,,,,,
K1.2.2,Kelp,1,2,2,Coarse,24.1,15.05.24,27,161.4389,,,,,,
K1.2.3,Kelp,1,2,3,Coarse,24.1,15.05.24,27,122.9893,,,,,,
K1.2.4,Kelp,1,2,4,Coarse,24.1,15.05.24,27,113.23962,,,,,,
K1.2.5,Kelp,1,2,5,Coarse,24.1,15.05.24,27,,,,,,,
K1.2.6,Kelp,1,2,6,Coarse,24.1,15.05.24,27,134.3651,,,,,,
K1.2.7,Kelp,1,2,7,Coarse,24.1,15.05.24,27,117.9862,,,,,,
K1.2.8,Kelp,1,2,8,Coarse,24.1,15.05.24,27,155.2857,,,,,,
K1.2.9,Kelp,1,2,9,Coarse,24.1,15.05.24,27,,,,,,,
K1.2.10,Kelp,1,2,10,Coarse,24.1,15.05.24,27,92.62414,,,,,,
K1.2.11,Kelp,1,2,11,Coarse,24.1,15.05.24,27,,,,,,,
K1.2.12,Kelp,1,2,12,Coarse,24.1,15.05.24,27,123.2961,,,,,,
K1.2.13,Kelp,1,2,13,Coarse,24.1,15.05.24,27,125.21165,,,,,,
K1.2.14,Kelp,1,2,14,Coarse,24.1,15.05.24,27,,,,,,,
K1.2.15,Kelp,1,2,15,Coarse,24.1,15.05.24,27,,,,,,,
K1.2.16,Kelp,1,2,16,Coarse,24.1,15.05.24,27,134.41655,,,,,,
K1.2.17,Kelp,1,2,17,Coarse,24.1,15.05.24,27,,,,,,,
K1.2.18,Kelp,1,2,18,Coarse,24.1,15.05.24,27,,,,,,,
K1.2.19,Kelp,1,2,19,Coarse,24.1,15.05.24,27,,,,,,,
K1.2.20,Kelp,1,2,20,Coarse,24.1,15.05.24,27,161.7671,,,,,,
K1.2.21,Kelp,1,2,21,Coarse,24.1,15.05.24,27,,,,,,,
K1.3.1,Kelp,1,3,1,Fine,21.25,22.05.24,34,,,,,,,
K1.3.2,Kelp,1,3,2,Fine,21.25,22.05.24,34,,,,,,,
K1.3.3,Kelp,1,3,3,Fine,21.25,22.05.24,34,,,,,,,
K1.3.4,Kelp,1,3,4,Fine,21.25,22.05.24,34,,,,,,,
K1.3.5,Kelp,1,3,5,Fine,21.25,22.05.24,34,,,,,,,
K1.3.6,Kelp,1,3,6,Fine,21.25,22.05.24,34,,,,,,,
K1.3.7,Kelp,1,3,7,Fine,21.25,22.05.24,34,,,,,,,
K1.3.8,Kelp,1,3,8,Fine,21.25,22.05.24,34,,,,,,,
K1.3.9,Kelp,1,3,9,Fine,21.25,22.05.24,34,,,,,,,
K1.3.10,Kelp,1,3,10,Fine,21.25,22.05.24,34,,,,,,,
K1.3.11,Kelp,1,3,11,Fine,21.25,22.05.24,34,,,,,,,
K1.3.12,Kelp,1,3,12,Fine,21.25,22.05.24,34,,,,,,,
K1.3.13,Kelp,1,3,13,Fine,21.25,22.05.24,34,,,,,,,
K1.3.14,Kelp,1,3,14,Fine,21.25,22.05.24,34,,,,,,,
K1.3.15,Kelp,1,3,15,Fine,21.25,22.05.24,34,,,,,,,
K1.3.16,Kelp,1,3,16,Fine,21.25,22.05.24,34,,,,,,,
K1.3.17,Kelp,1,3,17,Fine,21.25,22.05.24,34,,,,,,,
K1.3.18,Kelp,1,3,18,Fine,21.25,22.05.24,34,,,,,,,
K1.3.19,Kelp,1,3,19,Fine,21.25,22.05.24,34,,,,,,,
K1.3.20,Kelp,1,3,20,Fine,21.25,22.05.24,34,,,,,,,
K1.3.21,Kelp,1,3,21,Fine,21.25,22.05.24,34,,,,,,,
K1.4.1,Kelp,1,4,1,Coarse,21.25,29.05.24,41,,,,,,,
K1.4.2,Kelp,1,4,2,Coarse,21.25,29.05.24,41,,,,,,,
K1.4.3,Kelp,1,4,3,Coarse,21.25,29.05.24,41,,,,,,,
K1.4.4,Kelp,1,4,4,Coarse,21.25,29.05.24,41,,,,,,,
K1.4.5,Kelp,1,4,5,Coarse,21.25,29.05.24,41,,,,,,,
K1.4.6,Kelp,1,4,6,Coarse,21.25,29.05.24,41,,,,,,,
K1.4.7,Kelp,1,4,7,Coarse,21.25,29.05.24,41,,,,,,,
K1.4.8,Kelp,1,4,8,Coarse,21.25,29.05.24,41,,,,,,,
K1.4.9,Kelp,1,4,9,Coarse,21.25,29.05.24,41,,,,,,,
K1.4.10,Kelp,1,4,10,Coarse,21.25,29.05.24,41,,,,,,,
K1.4.11,Kelp,1,4,11,Coarse,21.25,29.05.24,41,,,,,,,
K1.4.12,Kelp,1,4,12,Coarse,21.25,29.05.24,41,,,,,,,
K1.4.13,Kelp,1,4,13,Coarse,21.25,29.05.24,41,,,,,,,
K1.4.14,Kelp,1,4,14,Coarse,21.25,29.05.24,41,,,,,,,
K1.4.15,Kelp,1,4,15,Coarse,21.25,29.05.24,41,,,,,,,
K1.4.16,Kelp,1,4,16,Coarse,21.25,29.05.24,41,,,,,,,
K1.4.17,Kelp,1,4,17,Coarse,21.25,29.05.24,41,,,,,,,
K1.4.18,Kelp,1,4,18,Coarse,21.25,29.05.24,41,,,,,,,
K1.4.19,Kelp,1,4,19,Coarse,21.25,29.05.24,41,,,,,,,
K1.4.20,Kelp,1,4,20,Coarse,21.25,29.05.24,41,,,,,,,
K1.4.21,Kelp,1,4,21,Coarse,21.25,29.05.24,41,,,,,,,
K1.5.1,Kelp,1,5,1,Fine,22.65,04.06.24,47,,,,,,,
K1.5.2,Kelp,1,5,2,Fine,22.65,04.06.24,47,,,,,,,
K1.5.3,Kelp,1,5,3,Fine,22.65,04.06.24,47,,,,,,,
K1.5.4,Kelp,1,5,4,Fine,22.65,04.06.24,47,,,,,,,
K1.5.5,Kelp,1,5,5,Fine,22.65,04.06.24,47,,,,,,,
K1.5.6,Kelp,1,5,6,Fine,22.65,04.06.24,47,,,,,,,
K1.5.7,Kelp,1,5,7,Fine,22.65,04.06.24,47,,,,,,,
K1.5.8,Kelp,1,5,8,Fine,22.65,04.06.24,47,,,,,,,
K1.5.9,Kelp,1,5,9,Fine,22.65,04.06.24,47,,,,,,,
K1.5.10,Kelp,1,5,10,Fine,22.65,04.06.24,47,,,,,,,
K1.5.11,Kelp,1,5,11,Fine,22.65,04.06.24,47,,,,,,,
K1.5.12,Kelp,1,5,12,Fine,22.65,04.06.24,47,,,,,,,
K1.5.13,Kelp,1,5,13,Fine,22.65,04.06.24,47,,,,,,,
K1.5.14,Kelp,1,5,14,Fine,22.65,04.06.24,47,,,,,,,
K1.5.15,Kelp,1,5,15,Fine,22.65,04.06.24,47,,,,,,,
K1.5.16,Kelp,1,5,16,Fine,22.65,04.06.24,47,,,,,,,
K1.5.17,Kelp,1,5,17,Fine,22.65,04.06.24,47,,,,,,,
K1.5.18,Kelp,1,5,18,Fine,22.65,04.06.24,47,,,,,,,
K1.5.19,Kelp,1,5,19,Fine,22.65,04.06.24,47,,,,,,,
K1.5.20,Kelp,1,5,20,Fine,22.65,04.06.24,47,,,,,,,
K1.5.21,Kelp,1,5,21,Fine,22.65,04.06.24,47,,,,,,,
K1.6.1,Kelp,1,6,1,Coarse,,10.06.24,53,,,,,,,
K1.6.2,Kelp,1,6,2,Coarse,,10.06.24,53,,,,,,,
K1.6.3,Kelp,1,6,3,Coarse,,10.06.24,53,,,,,,,
K1.6.4,Kelp,1,6,4,Coarse,,10.06.24,53,,,,,,,
K1.6.5,Kelp,1,6,5,Coarse,,10.06.24,53,,,,,,,
K1.6.6,Kelp,1,6,6,Coarse,,10.06.24,53,,,,,,,
K1.6.7,Kelp,1,6,7,Coarse,,10.06.24,53,,,,,,,
K1.6.8,Kelp,1,6,8,Coarse,,10.06.24,53,,,,,,,
K1.6.9,Kelp,1,6,9,Coarse,,10.06.24,53,,,,,,,
K1.6.10,Kelp,1,6,10,Coarse,,10.06.24,53,,,,,,,
K1.6.11,Kelp,1,6,11,Coarse,,10.06.24,53,,,,,,,
K1.6.12,Kelp,1,6,12,Coarse,,10.06.24,53,,,,,,,
K1.6.13,Kelp,1,6,13,Coarse,,10.06.24,53,,,,,,,
K1.6.14,Kelp,1,6,14,Coarse,,10.06.24,53,,,,,,,
K1.6.15,Kelp,1,6,15,Coarse,,10.06.24,53,,,,,,,
K1.6.16,Kelp,1,6,16,Coarse,,10.06.24,53,,,,,,,
K1.6.17,Kelp,1,6,17,Coarse,,10.06.24,53,,,,,,,
K1.6.18,Kelp,1,6,18,Coarse,,10.06.24,53,,,,,,,
K1.6.19,Kelp,1,6,19,Coarse,,10.06.24,53,,,,,,,
K1.6.20,Kelp,1,6,20,Coarse,,10.06.24,53,,,,,,,
K1.6.21,Kelp,1,6,21,Coarse,,10.06.24,53,,,,,,,
K1.7.1,Kelp,1,7,1,Fine,,18.06.24,61,,,,,,,
K1.7.2,Kelp,1,7,2,Fine,,18.06.24,61,,,,,,,
K1.7.3,Kelp,1,7,3,Fine,,18.06.24,61,,,,,,,
K1.7.4,Kelp,1,7,4,Fine,,18.06.24,61,,,,,,,
K1.7.5,Kelp,1,7,5,Fine,,18.06.24,61,,,,,,,
K1.7.6,Kelp,1,7,6,Fine,,18.06.24,61,,,,,,,
K1.7.7,Kelp,1,7,7,Fine,,18.06.24,61,,,,,,,
K1.7.8,Kelp,1,7,8,Fine,,18.06.24,61,,,,,,,
K1.7.9,Kelp,1,7,9,Fine,,18.06.24,61,,,,,,,
K1.7.10,Kelp,1,7,10,Fine,,18.06.24,61,,,,,,,
K1.7.11,Kelp,1,7,11,Fine,,18.06.24,61,,,,,,,
K1.7.12,Kelp,1,7,12,Fine,,18.06.24,61,,,,,,,
K1.7.13,Kelp,1,7,13,Fine,,18.06.24,61,,,,,,,
K1.7.14,Kelp,1,7,14,Fine,,18.06.24,61,,,,,,,
K1.7.15,Kelp,1,7,15,Fine,,18.06.24,61,,,,,,,
K1.7.16,Kelp,1,7,16,Fine,,18.06.24,61,,,,,,,
K1.7.17,Kelp,1,7,17,Fine,,18.06.24,61,,,,,,,
K1.7.18,Kelp,1,7,18,Fine,,18.06.24,61,,,,,,,
K1.7.19,Kelp,1,7,19,Fine,,18.06.24,61,,,,,,,
K1.7.20,Kelp,1,7,20,Fine,,18.06.24,61,,,,,,,
K1.7.21,Kelp,1,7,21,Fine,,18.06.24,61,,,,,,,
K1.8.1,Kelp,1,8,1,Coarse,,25.06.24,68,,,,,,,
K1.8.2,Kelp,1,8,2,Coarse,,25.06.24,68,,,,,,,
K1.8.3,Kelp,1,8,3,Coarse,,25.06.24,68,,,,,,,
K1.8.4,Kelp,1,8,4,Coarse,,25.06.24,68,,,,,,,
K1.8.5,Kelp,1,8,5,Coarse,,25.06.24,68,,,,,,,
K1.8.6,Kelp,1,8,6,Coarse,,25.06.24,68,,,,,,,
K1.8.7,Kelp,1,8,7,Coarse,,25.06.24,68,,,,,,,
K1.8.8,Kelp,1,8,8,Coarse,,25.06.24,68,,,,,,,
K1.8.9,Kelp,1,8,9,Coarse,,25.06.24,68,,,,,,,
K1.8.10,Kelp,1,8,10,Coarse,,25.06.24,68,,,,,,,
K1.8.11,Kelp,1,8,11,Coarse,,25.06.24,68,,,,,,,
K1.8.12,Kelp,1,8,12,Coarse,,25.06.24,68,,,,,,,
K1.8.13,Kelp,1,8,13,Coarse,,25.06.24,68,,,,,,,
K1.8.14,Kelp,1,8,14,Coarse,,25.06.24,68,,,,,,,
K1.8.15,Kelp,1,8,15,Coarse,,25.06.24,68,,,,,,,
K1.8.16,Kelp,1,8,16,Coarse,,25.06.24,68,,,,,,,
K1.8.17,Kelp,1,8,17,Coarse,,25.06.24,68,,,,,,,
K1.8.18,Kelp,1,8,18,Coarse,,25.06.24,68,,,,,,,
K1.8.19,Kelp,1,8,19,Coarse,,25.06.24,68,,,,,,,
K1.8.20,Kelp,1,8,20,Coarse,,25.06.24,68,,,,,,,
K1.8.21,Kelp,1,8,21,Coarse,,25.06.24,68,,,,,,,
K1.9.1,Kelp,1,9,1,Fine,,02.07.24,75,,,,,,,
K1.9.2,Kelp,1,9,2,Fine,,02.07.24,75,,,,,,,
K1.9.3,Kelp,1,9,3,Fine,,02.07.24,75,,,,,,,
K1.9.4,Kelp,1,9,4,Fine,,02.07.24,75,,,,,,,
K1.9.5,Kelp,1,9,5,Fine,,02.07.24,75,,,,,,,
K1.9.6,Kelp,1,9,6,Fine,,02.07.24,75,,,,,,,
K1.9.7,Kelp,1,9,7,Fine,,02.07.24,75,,,,,,,
K1.9.8,Kelp,1,9,8,Fine,,02.07.24,75,,,,,,,
K1.9.9,Kelp,1,9,9,Fine,,02.07.24,75,,,,,,,
K1.9.10,Kelp,1,9,10,Fine,,02.07.24,75,,,,,,,
K1.9.11,Kelp,1,9,11,Fine,,02.07.24,75,,,,,,,
K1.9.12,Kelp,1,9,12,Fine,,02.07.24,75,,,,,,,
K1.9.13,Kelp,1,9,13,Fine,,02.07.24,75,,,,,,,
K1.9.14,Kelp,1,9,14,Fine,,02.07.24,75,,,,,,,
K1.9.15,Kelp,1,9,15,Fine,,02.07.24,75,,,,,,,
K1.9.16,Kelp,1,9,16,Fine,,02.07.24,75,,,,,,,
K1.9.17,Kelp,1,9,17,Fine,,02.07.24,75,,,,,,,
K1.9.18,Kelp,1,9,18,Fine,,02.07.24,75,,,,,,,
K1.9.19,Kelp,1,9,19,Fine,,02.07.24,75,,,,,,,
K1.9.20,Kelp,1,9,20,Fine,,02.07.24,75,,,,,,,
K1.9.21,Kelp,1,9,21,Fine,,02.07.24,75,,,,,,,
K1.10.1,Kelp,1,10,1,Coarse,,,,,,,,,,
K1.10.2,Kelp,1,10,2,Coarse,,,,,,,,,,
K1.10.3,Kelp,1,10,3,Coarse,,,,,,,,,,
K1.10.4,Kelp,1,10,4,Coarse,,,,,,,,,,
K1.10.5,Kelp,1,10,5,Coarse,,,,,,,,,,
K1.10.6,Kelp,1,10,6,Coarse,,,,,,,,,,
K1.10.7,Kelp,1,10,7,Coarse,,,,,,,,,,
K1.10.8,Kelp,1,10,8,Coarse,,,,,,,,,,
K1.10.9,Kelp,1,10,9,Coarse,,,,,,,,,,
K1.10.10,Kelp,1,10,10,Coarse,,,,,,,,,,
K1.10.11,Kelp,1,10,11,Coarse,,,,,,,,,,
K1.10.12,Kelp,1,10,12,Coarse,,,,,,,,,,
K1.10.13,Kelp,1,10,13,Coarse,,,,,,,,,,
K1.10.14,Kelp,1,10,14,Coarse,,,,,,,,,,
K1.10.15,Kelp,1,10,15,Coarse,,,,,,,,,,
K1.10.16,Kelp,1,10,16,Coarse,,,,,,,,,,
K1.10.17,Kelp,1,10,17,Coarse,,,,,,,,,,
K1.10.18,Kelp,1,10,18,Coarse,,,,,,,,,,
K1.10.19,Kelp,1,10,19,Coarse,,,,,,,,,,
K1.10.20,Kelp,1,10,20,Coarse,,,,,,,,,,
K1.10.21,Kelp,1,10,21,Coarse,,,,,,,,,,
K1.11.1,Kelp,1,11,1,Fine,,,,,,,,,,
K1.11.2,Kelp,1,11,2,Fine,,,,,,,,,,
K1.11.3,Kelp,1,11,3,Fine,,,,,,,,,,
K1.11.4,Kelp,1,11,4,Fine,,,,,,,,,,
K1.11.5,Kelp,1,11,5,Fine,,,,,,,,,,
K1.11.6,Kelp,1,11,6,Fine,,,,,,,,,,
K1.11.7,Kelp,1,11,7,Fine,,,,,,,,,,
K1.11.8,Kelp,1,11,8,Fine,,,,,,,,,,
K1.11.9,Kelp,1,11,9,Fine,,,,,,,,,,
K1.11.10,Kelp,1,11,10,Fine,,,,,,,,,,
K1.11.11,Kelp,1,11,11,Fine,,,,,,,,,,
K1.11.12,Kelp,1,11,12,Fine,,,,,,,,,,
K1.11.13,Kelp,1,11,13,Fine,,,,,,,,,,
K1.11.14,Kelp,1,11,14,Fine,,,,,,,,,,
K1.11.15,Kelp,1,11,15,Fine,,,,,,,,,,
K1.11.16,Kelp,1,11,16,Fine,,,,,,,,,,
K1.11.17,Kelp,1,11,17,Fine,,,,,,,,,,
K1.11.18,Kelp,1,11,18,Fine,,,,,,,,,,
K1.11.19,Kelp,1,11,19,Fine,,,,,,,,,,
K1.11.20,Kelp,1,11,20,Fine,,,,,,,,,,
K1.11.21,Kelp,1,11,21,Fine,,,,,,,,,,
K1.12.1,Kelp,1,12,1,Coarse,,,,,,,,,,
K1.12.2,Kelp,1,12,2,Coarse,,,,,,,,,,
K1.12.3,Kelp,1,12,3,Coarse,,,,,,,,,,
K1.12.4,Kelp,1,12,4,Coarse,,,,,,,,,,
K1.12.5,Kelp,1,12,5,Coarse,,,,,,,,,,
K1.12.6,Kelp,1,12,6,Coarse,,,,,,,,,,
K1.12.7,Kelp,1,12,7,Coarse,,,,,,,,,,
K1.12.8,Kelp,1,12,8,Coarse,,,,,,,,,,
K1.12.9,Kelp,1,12,9,Coarse,,,,,,,,,,
K1.12.10,Kelp,1,12,10,Coarse,,,,,,,,,,
K1.12.11,Kelp,1,12,11,Coarse,,,,,,,,,,
K1.12.12,Kelp,1,12,12,Coarse,,,,,,,,,,
K1.12.13,Kelp,1,12,13,Coarse,,,,,,,,,,
K1.12.14,Kelp,1,12,14,Coarse,,,,,,,,,,
K1.12.15,Kelp,1,12,15,Coarse,,,,,,,,,,
K1.12.16,Kelp,1,12,16,Coarse,,,,,,,,,,
K1.12.17,Kelp,1,12,17,Coarse,,,,,,,,,,
K1.12.18,Kelp,1,12,18,Coarse,,,,,,,,,,
K1.12.19,Kelp,1,12,19,Coarse,,,,,,,,,,
K1.12.20,Kelp,1,12,20,Coarse,,,,,,,,,,
K1.12.21,Kelp,1,12,21,Coarse,,,,,,,,,,
K1.13.1,Kelp,1,13,1,Fine,,,,,,,,,,
K1.13.2,Kelp,1,13,2,Fine,,,,,,,,,,
K1.13.3,Kelp,1,13,3,Fine,,,,,,,,,,
K1.13.4,Kelp,1,13,4,Fine,,,,,,,,,,
K1.13.5,Kelp,1,13,5,Fine,,,,,,,,,,
K1.13.6,Kelp,1,13,6,Fine,,,,,,,,,,
K1.13.7,Kelp,1,13,7,Fine,,,,,,,,,,
K1.13.8,Kelp,1,13,8,Fine,,,,,,,,,,
K1.13.9,Kelp,1,13,9,Fine,,,,,,,,,,
K1.13.10,Kelp,1,13,10,Fine,,,,,,,,,,
K1.13.11,Kelp,1,13,11,Fine,,,,,,,,,,
K1.13.12,Kelp,1,13,12,Fine,,,,,,,,,,
K1.13.13,Kelp,1,13,13,Fine,,,,,,,,,,
K1.13.14,Kelp,1,13,14,Fine,,,,,,,,,,
K1.13.15,Kelp,1,13,15,Fine,,,,,,,,,,
K1.13.16,Kelp,1,13,16,Fine,,,,,,,,,,
K1.13.17,Kelp,1,13,17,Fine,,,,,,,,,,
K1.13.18,Kelp,1,13,18,Fine,,,,,,,,,,
K1.13.19,Kelp,1,13,19,Fine,,,,,,,,,,
K1.13.20,Kelp,1,13,20,Fine,,,,,,,,,,
K1.13.21,Kelp,1,13,21,Fine,,,,,,,,,,
K1.14.1,Kelp,1,14,1,Coarse,,,,,,,,,,
K1.14.2,Kelp,1,14,2,Coarse,,,,,,,,,,
K1.14.3,Kelp,1,14,3,Coarse,,,,,,,,,,
K1.14.4,Kelp,1,14,4,Coarse,,,,,,,,,,
K1.14.5,Kelp,1,14,5,Coarse,,,,,,,,,,
K1.14.6,Kelp,1,14,6,Coarse,,,,,,,,,,
K1.14.7,Kelp,1,14,7,Coarse,,,,,,,,,,
K1.14.8,Kelp,1,14,8,Coarse,,,,,,,,,,
K1.14.9,Kelp,1,14,9,Coarse,,,,,,,,,,
K1.14.10,Kelp,1,14,10,Coarse,,,,,,,,,,
K1.14.11,Kelp,1,14,11,Coarse,,,,,,,,,,
K1.14.12,Kelp,1,14,12,Coarse,,,,,,,,,,
K1.14.13,Kelp,1,14,13,Coarse,,,,,,,,,,
K1.14.14,Kelp,1,14,14,Coarse,,,,,,,,,,
K1.14.15,Kelp,1,14,15,Coarse,,,,,,,,,,
K1.14.16,Kelp,1,14,16,Coarse,,,,,,,,,,
K1.14.17,Kelp,1,14,17,Coarse,,,,,,,,,,
K1.14.18,Kelp,1,14,18,Coarse,,,,,,,,,,
K1.14.19,Kelp,1,14,19,Coarse,,,,,,,,,,
K1.14.20,Kelp,1,14,20,Coarse,,,,,,,,,,
K1.14.21,Kelp,1,14,21,Coarse,,,,,,,,,,
K1.15.1,Kelp,1,15,1,Fine,,,,,,,,,,
K1.15.2,Kelp,1,15,2,Fine,,,,,,,,,,
K1.15.3,Kelp,1,15,3,Fine,,,,,,,,,,
K1.15.4,Kelp,1,15,4,Fine,,,,,,,,,,
K1.15.5,Kelp,1,15,5,Fine,,,,,,,,,,
K1.15.6,Kelp,1,15,6,Fine,,,,,,,,,,
K1.15.7,Kelp,1,15,7,Fine,,,,,,,,,,
K1.15.8,Kelp,1,15,8,Fine,,,,,,,,,,
K1.15.9,Kelp,1,15,9,Fine,,,,,,,,,,
K1.15.10,Kelp,1,15,10,Fine,,,,,,,,,,
K1.15.11,Kelp,1,15,11,Fine,,,,,,,,,,
K1.15.12,Kelp,1,15,12,Fine,,,,,,,,,,
K1.15.13,Kelp,1,15,13,Fine,,,,,,,,,,
K1.15.14,Kelp,1,15,14,Fine,,,,,,,,,,
K1.15.15,Kelp,1,15,15,Fine,,,,,,,,,,
K1.15.16,Kelp,1,15,16,Fine,,,,,,,,,,
K1.15.17,Kelp,1,15,17,Fine,,,,,,,,,,
K1.15.18,Kelp,1,15,18,Fine,,,,,,,,,,
K1.15.19,Kelp,1,15,19,Fine,,,,,,,,,,
K1.15.20,Kelp,1,15,20,Fine,,,,,,,,,,
K1.15.21,Kelp,1,15,21,Fine,,,,,,,,,,
K2.1.1,Kelp,2,1,1,Coarse,22.25,09.05.24,21,,,,,,,
K2.1.2,Kelp,2,1,2,Coarse,22.25,09.05.24,21,,,,,,,
K2.1.3,Kelp,2,1,3,Coarse,22.25,09.05.24,21,,,,,,,
K2.1.4,Kelp,2,1,4,Coarse,22.25,09.05.24,21,,,,,,,
K2.1.5,Kelp,2,1,5,Coarse,22.25,09.05.24,21,,,,,,,
K2.1.6,Kelp,2,1,6,Coarse,22.25,09.05.24,21,,,,,,,
K2.1.7,Kelp,2,1,7,Coarse,22.25,09.05.24,21,,,,,,,
K2.1.8,Kelp,2,1,8,Coarse,22.25,09.05.24,21,,,,,,,
K2.1.9,Kelp,2,1,9,Coarse,22.25,09.05.24,21,,,,,,,
K2.1.10,Kelp,2,1,10,Coarse,22.25,09.05.24,21,,,,,,,
K2.1.11,Kelp,2,1,11,Coarse,22.25,09.05.24,21,,,,,,,
K2.1.12,Kelp,2,1,12,Coarse,22.25,09.05.24,21,,,,,,,
K2.1.13,Kelp,2,1,13,Coarse,22.25,09.05.24,21,,,,,,,
K2.1.14,Kelp,2,1,14,Coarse,22.25,09.05.24,21,,,,,,,
K2.1.15,Kelp,2,1,15,Coarse,22.25,09.05.24,21,,,,,,,
K2.1.16,Kelp,2,1,16,Coarse,22.25,09.05.24,21,,,,,,,
K2.1.17,Kelp,2,1,17,Coarse,22.25,09.05.24,21,,,,,,,
K2.1.18,Kelp,2,1,18,Coarse,22.25,09.05.24,21,,,,,,,
K2.1.19,Kelp,2,1,19,Coarse,22.25,09.05.24,21,,,,,,,
K2.1.20,Kelp,2,1,20,Coarse,22.25,09.05.24,21,,,,,,,
K2.1.21,Kelp,2,1,21,Coarse,22.25,09.05.24,21,,,,,,,
K2.2.1,Kelp,2,2,1,Fine,24.75,15.05.24,27,,,,,,,
K2.2.2,Kelp,2,2,2,Fine,24.75,15.05.24,27,,,,,,,
K2.2.3,Kelp,2,2,3,Fine,24.75,15.05.24,27,,,,,,,
K2.2.4,Kelp,2,2,4,Fine,24.75,15.05.24,27,,,,,,,
K2.2.5,Kelp,2,2,5,Fine,24.75,15.05.24,27,,,,,,,
K2.2.6,Kelp,2,2,6,Fine,24.75,15.05.24,27,,,,,,,
K2.2.7,Kelp,2,2,7,Fine,24.75,15.05.24,27,,,,,,,
K2.2.8,Kelp,2,2,8,Fine,24.75,15.05.24,27,,,,,,,
K2.2.9,Kelp,2,2,9,Fine,24.75,15.05.24,27,,,,,,,
K2.2.10,Kelp,2,2,10,Fine,24.75,15.05.24,27,,,,,,,
K2.2.11,Kelp,2,2,11,Fine,24.75,15.05.24,27,,,,,,,
K2.2.12,Kelp,2,2,12,Fine,24.75,15.05.24,27,,,,,,,
K2.2.13,Kelp,2,2,13,Fine,24.75,15.05.24,27,,,,,,,
K2.2.14,Kelp,2,2,14,Fine,24.75,15.05.24,27,,,,,,,
K2.2.15,Kelp,2,2,15,Fine,24.75,15.05.24,27,,,,,,,
K2.2.16,Kelp,2,2,16,Fine,24.75,15.05.24,27,,,,,,,
K2.2.17,Kelp,2,2,17,Fine,24.75,15.05.24,27,,,,,,,
K2.2.18,Kelp,2,2,18,Fine,24.75,15.05.24,27,,,,,,,
K2.2.19,Kelp,2,2,19,Fine,24.75,15.05.24,27,,,,,,,
K2.2.20,Kelp,2,2,20,Fine,24.75,15.05.24,27,,,,,,,
K2.2.21,Kelp,2,2,21,Fine,24.75,15.05.24,27,,,,,,,
K2.3.1,Kelp,2,3,1,Coarse,22.25,22.05.24,34,,,,,,,
K2.3.2,Kelp,2,3,2,Coarse,22.25,22.05.24,34,,,,,,,
K2.3.3,Kelp,2,3,3,Coarse,22.25,22.05.24,34,,,,,,,
K2.3.4,Kelp,2,3,4,Coarse,22.25,22.05.24,34,,,,,,,
K2.3.5,Kelp,2,3,5,Coarse,22.25,22.05.24,34,,,,,,,
K2.3.6,Kelp,2,3,6,Coarse,22.25,22.05.24,34,,,,,,,
K2.3.7,Kelp,2,3,7,Coarse,22.25,22.05.24,34,,,,,,,
K2.3.8,Kelp,2,3,8,Coarse,22.25,22.05.24,34,,,,,,,
K2.3.9,Kelp,2,3,9,Coarse,22.25,22.05.24,34,,,,,,,
K2.3.10,Kelp,2,3,10,Coarse,22.25,22.05.24,34,,,,,,,
K2.3.11,Kelp,2,3,11,Coarse,22.25,22.05.24,34,,,,,,,
K2.3.12,Kelp,2,3,12,Coarse,22.25,22.05.24,34,,,,,,,
K2.3.13,Kelp,2,3,13,Coarse,22.25,22.05.24,34,,,,,,,
K2.3.14,Kelp,2,3,14,Coarse,22.25,22.05.24,34,,,,,,,
K2.3.15,Kelp,2,3,15,Coarse,22.25,22.05.24,34,,,,,,,
K2.3.16,Kelp,2,3,16,Coarse,22.25,22.05.24,34,,,,,,,
K2.3.17,Kelp,2,3,17,Coarse,22.25,22.05.24,34,,,,,,,
K2.3.18,Kelp,2,3,18,Coarse,22.25,22.05.24,34,,,,,,,
K2.3.19,Kelp,2,3,19,Coarse,22.25,22.05.24,34,,,,,,,
K2.3.20,Kelp,2,3,20,Coarse,22.25,22.05.24,34,,,,,,,
K2.3.21,Kelp,2,3,21,Coarse,22.25,22.05.24,34,,,,,,,
K2.4.1,Kelp,2,4,1,Fine,22.6,29.05.24,41,,,,,,,
K2.4.2,Kelp,2,4,2,Fine,22.6,29.05.24,41,,,,,,,
K2.4.3,Kelp,2,4,3,Fine,22.6,29.05.24,41,,,,,,,
K2.4.4,Kelp,2,4,4,Fine,22.6,29.05.24,41,,,,,,,
K2.4.5,Kelp,2,4,5,Fine,22.6,29.05.24,41,,,,,,,
K2.4.6,Kelp,2,4,6,Fine,22.6,29.05.24,41,,,,,,,
K2.4.7,Kelp,2,4,7,Fine,22.6,29.05.24,41,,,,,,,
K2.4.8,Kelp,2,4,8,Fine,22.6,29.05.24,41,,,,,,,
K2.4.9,Kelp,2,4,9,Fine,22.6,29.05.24,41,,,,,,,
K2.4.10,Kelp,2,4,10,Fine,22.6,29.05.24,41,,,,,,,
K2.4.11,Kelp,2,4,11,Fine,22.6,29.05.24,41,,,,,,,
K2.4.12,Kelp,2,4,12,Fine,22.6,29.05.24,41,,,,,,,
K2.4.13,Kelp,2,4,13,Fine,22.6,29.05.24,41,,,,,,,
K2.4.14,Kelp,2,4,14,Fine,22.6,29.05.24,41,,,,,,,
K2.4.15,Kelp,2,4,15,Fine,22.6,29.05.24,41,,,,,,,
K2.4.16,Kelp,2,4,16,Fine,22.6,29.05.24,41,,,,,,,
K2.4.17,Kelp,2,4,17,Fine,22.6,29.05.24,41,,,,,,,
K2.4.18,Kelp,2,4,18,Fine,22.6,29.05.24,41,,,,,,,
K2.4.19,Kelp,2,4,19,Fine,22.6,29.05.24,41,,,,,,,
K2.4.20,Kelp,2,4,20,Fine,22.6,29.05.24,41,,,,,,,
K2.4.21,Kelp,2,4,21,Fine,22.6,29.05.24,41,,,,,,,
K2.5.1,Kelp,2,5,1,Coarse,,04.06.24,47,,,,,,,
K2.5.2,Kelp,2,5,2,Coarse,,04.06.24,47,,,,,,,
K2.5.3,Kelp,2,5,3,Coarse,,04.06.24,47,,,,,,,
K2.5.4,Kelp,2,5,4,Coarse,,04.06.24,47,,,,,,,
K2.5.5,Kelp,2,5,5,Coarse,,04.06.24,47,,,,,,,
K2.5.6,Kelp,2,5,6,Coarse,,04.06.24,47,,,,,,,
K2.5.7,Kelp,2,5,7,Coarse,,04.06.24,47,,,,,,,
K2.5.8,Kelp,2,5,8,Coarse,,04.06.24,47,,,,,,,
K2.5.9,Kelp,2,5,9,Coarse,,04.06.24,47,,,,,,,
K2.5.10,Kelp,2,5,10,Coarse,,04.06.24,47,,,,,,,
K2.5.11,Kelp,2,5,11,Coarse,,04.06.24,47,,,,,,,
K2.5.12,Kelp,2,5,12,Coarse,,04.06.24,47,,,,,,,
K2.5.13,Kelp,2,5,13,Coarse,,04.06.24,47,,,,,,,
K2.5.14,Kelp,2,5,14,Coarse,,04.06.24,47,,,,,,,
K2.5.15,Kelp,2,5,15,Coarse,,04.06.24,47,,,,,,,
K2.5.16,Kelp,2,5,16,Coarse,,04.06.24,47,,,,,,,
K2.5.17,Kelp,2,5,17,Coarse,,04.06.24,47,,,,,,,
K2.5.18,Kelp,2,5,18,Coarse,,04.06.24,47,,,,,,,
K2.5.19,Kelp,2,5,19,Coarse,,04.06.24,47,,,,,,,
K2.5.20,Kelp,2,5,20,Coarse,,04.06.24,47,,,,,,,
K2.5.21,Kelp,2,5,21,Coarse,,04.06.24,47,,,,,,,
K2.6.1,Kelp,2,6,1,Fine,,10.06.24,53,,,,,,,
K2.6.2,Kelp,2,6,2,Fine,,10.06.24,53,,,,,,,
K2.6.3,Kelp,2,6,3,Fine,,10.06.24,53,,,,,,,
K2.6.4,Kelp,2,6,4,Fine,,10.06.24,53,,,,,,,
K2.6.5,Kelp,2,6,5,Fine,,10.06.24,53,,,,,,,
K2.6.6,Kelp,2,6,6,Fine,,10.06.24,53,,,,,,,
K2.6.7,Kelp,2,6,7,Fine,,10.06.24,53,,,,,,,
K2.6.8,Kelp,2,6,8,Fine,,10.06.24,53,,,,,,,
K2.6.9,Kelp,2,6,9,Fine,,10.06.24,53,,,,,,,
K2.6.10,Kelp,2,6,10,Fine,,10.06.24,53,,,,,,,
K2.6.11,Kelp,2,6,11,Fine,,10.06.24,53,,,,,,,
K2.6.12,Kelp,2,6,12,Fine,,10.06.24,53,,,,,,,
K2.6.13,Kelp,2,6,13,Fine,,10.06.24,53,,,,,,,
K2.6.14,Kelp,2,6,14,Fine,,10.06.24,53,,,,,,,
K2.6.15,Kelp,2,6,15,Fine,,10.06.24,53,,,,,,,
K2.6.16,Kelp,2,6,16,Fine,,10.06.24,53,,,,,,,
K2.6.17,Kelp,2,6,17,Fine,,10.06.24,53,,,,,,,
K2.6.18,Kelp,2,6,18,Fine,,10.06.24,53,,,,,,,
K2.6.19,Kelp,2,6,19,Fine,,10.06.24,53,,,,,,,
K2.6.20,Kelp,2,6,20,Fine,,10.06.24,53,,,,,,,
K2.6.21,Kelp,2,6,21,Fine,,10.06.24,53,,,,,,,
K2.7.1,Kelp,2,7,1,Coarse,,18.06.24,61,,,,,,,
K2.7.2,Kelp,2,7,2,Coarse,,18.06.24,61,,,,,,,
K2.7.3,Kelp,2,7,3,Coarse,,18.06.24,61,,,,,,,
K2.7.4,Kelp,2,7,4,Coarse,,18.06.24,61,,,,,,,
K2.7.5,Kelp,2,7,5,Coarse,,18.06.24,61,,,,,,,
K2.7.6,Kelp,2,7,6,Coarse,,18.06.24,61,,,,,,,
K2.7.7,Kelp,2,7,7,Coarse,,18.06.24,61,,,,,,,
K2.7.8,Kelp,2,7,8,Coarse,,18.06.24,61,,,,,,,
K2.7.9,Kelp,2,7,9,Coarse,,18.06.24,61,,,,,,,
K2.7.10,Kelp,2,7,10,Coarse,,18.06.24,61,,,,,,,
K2.7.11,Kelp,2,7,11,Coarse,,18.06.24,61,,,,,,,
K2.7.12,Kelp,2,7,12,Coarse,,18.06.24,61,,,,,,,
K2.7.13,Kelp,2,7,13,Coarse,,18.06.24,61,,,,,,,
K2.7.14,Kelp,2,7,14,Coarse,,18.06.24,61,,,,,,,
K2.7.15,Kelp,2,7,15,Coarse,,18.06.24,61,,,,,,,
K2.7.16,Kelp,2,7,16,Coarse,,18.06.24,61,,,,,,,
K2.7.17,Kelp,2,7,17,Coarse,,18.06.24,61,,,,,,,
K2.7.18,Kelp,2,7,18,Coarse,,18.06.24,61,,,,,,,
K2.7.19,Kelp,2,7,19,Coarse,,18.06.24,61,,,,,,,
K2.7.20,Kelp,2,7,20,Coarse,,18.06.24,61,,,,,,,
K2.7.21,Kelp,2,7,21,Coarse,,18.06.24,61,,,,,,,
K2.8.1,Kelp,2,8,1,Fine,,25.06.24,68,,,,,,,
K2.8.2,Kelp,2,8,2,Fine,,25.06.24,68,,,,,,,
K2.8.3,Kelp,2,8,3,Fine,,25.06.24,68,,,,,,,
K2.8.4,Kelp,2,8,4,Fine,,25.06.24,68,,,,,,,
K2.8.5,Kelp,2,8,5,Fine,,25.06.24,68,,,,,,,
K2.8.6,Kelp,2,8,6,Fine,,25.06.24,68,,,,,,,
K2.8.7,Kelp,2,8,7,Fine,,25.06.24,68,,,,,,,
K2.8.8,Kelp,2,8,8,Fine,,25.06.24,68,,,,,,,
K2.8.9,Kelp,2,8,9,Fine,,25.06.24,68,,,,,,,
K2.8.10,Kelp,2,8,10,Fine,,25.06.24,68,,,,,,,
K2.8.11,Kelp,2,8,11,Fine,,25.06.24,68,,,,,,,
K2.8.12,Kelp,2,8,12,Fine,,25.06.24,68,,,,,,,
K2.8.13,Kelp,2,8,13,Fine,,25.06.24,68,,,,,,,
K2.8.14,Kelp,2,8,14,Fine,,25.06.24,68,,,,,,,
K2.8.15,Kelp,2,8,15,Fine,,25.06.24,68,,,,,,,
K2.8.16,Kelp,2,8,16,Fine,,25.06.24,68,,,,,,,
K2.8.17,Kelp,2,8,17,Fine,,25.06.24,68,,,,,,,
K2.8.18,Kelp,2,8,18,Fine,,25.06.24,68,,,,,,,
K2.8.19,Kelp,2,8,19,Fine,,25.06.24,68,,,,,,,
K2.8.20,Kelp,2,8,20,Fine,,25.06.24,68,,,,,,,
K2.8.21,Kelp,2,8,21,Fine,,25.06.24,68,,,,,,,
K2.9.1,Kelp,2,9,1,Coarse,,02.07.24,75,,,,,,,
K2.9.2,Kelp,2,9,2,Coarse,,02.07.24,75,,,,,,,
K2.9.3,Kelp,2,9,3,Coarse,,02.07.24,75,,,,,,,
K2.9.4,Kelp,2,9,4,Coarse,,02.07.24,75,,,,,,,
K2.9.5,Kelp,2,9,5,Coarse,,02.07.24,75,,,,,,,
K2.9.6,Kelp,2,9,6,Coarse,,02.07.24,75,,,,,,,
K2.9.7,Kelp,2,9,7,Coarse,,02.07.24,75,,,,,,,
K2.9.8,Kelp,2,9,8,Coarse,,02.07.24,75,,,,,,,
K2.9.9,Kelp,2,9,9,Coarse,,02.07.24,75,,,,,,,
K2.9.10,Kelp,2,9,10,Coarse,,02.07.24,75,,,,,,,
K2.9.11,Kelp,2,9,11,Coarse,,02.07.24,75,,,,,,,
K2.9.12,Kelp,2,9,12,Coarse,,02.07.24,75,,,,,,,
K2.9.13,Kelp,2,9,13,Coarse,,02.07.24,75,,,,,,,
K2.9.14,Kelp,2,9,14,Coarse,,02.07.24,75,,,,,,,
K2.9.15,Kelp,2,9,15,Coarse,,02.07.24,75,,,,,,,
K2.9.16,Kelp,2,9,16,Coarse,,02.07.24,75,,,,,,,
K2.9.17,Kelp,2,9,17,Coarse,,02.07.24,75,,,,,,,
K2.9.18,Kelp,2,9,18,Coarse,,02.07.24,75,,,,,,,
K2.9.19,Kelp,2,9,19,Coarse,,02.07.24,75,,,,,,,
K2.9.20,Kelp,2,9,20,Coarse,,02.07.24,75,,,,,,,
K2.9.21,Kelp,2,9,21,Coarse,,02.07.24,75,,,,,,,
K2.10.1,Kelp,2,10,1,Fine,,,,,,,,,,
K2.10.2,Kelp,2,10,2,Fine,,,,,,,,,,
K2.10.3,Kelp,2,10,3,Fine,,,,,,,,,,
K2.10.4,Kelp,2,10,4,Fine,,,,,,,,,,
K2.10.5,Kelp,2,10,5,Fine,,,,,,,,,,
K2.10.6,Kelp,2,10,6,Fine,,,,,,,,,,
K2.10.7,Kelp,2,10,7,Fine,,,,,,,,,,
K2.10.8,Kelp,2,10,8,Fine,,,,,,,,,,
K2.10.9,Kelp,2,10,9,Fine,,,,,,,,,,
K2.10.10,Kelp,2,10,10,Fine,,,,,,,,,,
K2.10.11,Kelp,2,10,11,Fine,,,,,,,,,,
K2.10.12,Kelp,2,10,12,Fine,,,,,,,,,,
K2.10.13,Kelp,2,10,13,Fine,,,,,,,,,,
K2.10.14,Kelp,2,10,14,Fine,,,,,,,,,,
K2.10.15,Kelp,2,10,15,Fine,,,,,,,,,,
K2.10.16,Kelp,2,10,16,Fine,,,,,,,,,,
K2.10.17,Kelp,2,10,17,Fine,,,,,,,,,,
K2.10.18,Kelp,2,10,18,Fine,,,,,,,,,,
K2.10.19,Kelp,2,10,19,Fine,,,,,,,,,,
K2.10.20,Kelp,2,10,20,Fine,,,,,,,,,,
K2.10.21,Kelp,2,10,21,Fine,,,,,,,,,,
K2.11.1,Kelp,2,11,1,Coarse,,,,,,,,,,
K2.11.2,Kelp,2,11,2,Coarse,,,,,,,,,,
K2.11.3,Kelp,2,11,3,Coarse,,,,,,,,,,
K2.11.4,Kelp,2,11,4,Coarse,,,,,,,,,,
K2.11.5,Kelp,2,11,5,Coarse,,,,,,,,,,
K2.11.6,Kelp,2,11,6,Coarse,,,,,,,,,,
K2.11.7,Kelp,2,11,7,Coarse,,,,,,,,,,
K2.11.8,Kelp,2,11,8,Coarse,,,,,,,,,,
K2.11.9,Kelp,2,11,9,Coarse,,,,,,,,,,
K2.11.10,Kelp,2,11,10,Coarse,,,,,,,,,,
K2.11.11,Kelp,2,11,11,Coarse,,,,,,,,,,
K2.11.12,Kelp,2,11,12,Coarse,,,,,,,,,,
K2.11.13,Kelp,2,11,13,Coarse,,,,,,,,,,
K2.11.14,Kelp,2,11,14,Coarse,,,,,,,,,,
K2.11.15,Kelp,2,11,15,Coarse,,,,,,,,,,
K2.11.16,Kelp,2,11,16,Coarse,,,,,,,,,,
K2.11.17,Kelp,2,11,17,Coarse,,,,,,,,,,
K2.11.18,Kelp,2,11,18,Coarse,,,,,,,,,,
K2.11.19,Kelp,2,11,19,Coarse,,,,,,,,,,
K2.11.20,Kelp,2,11,20,Coarse,,,,,,,,,,
K2.11.21,Kelp,2,11,21,Coarse,,,,,,,,,,
K2.12.1,Kelp,2,12,1,Fine,,,,,,,,,,
K2.12.2,Kelp,2,12,2,Fine,,,,,,,,,,
K2.12.3,Kelp,2,12,3,Fine,,,,,,,,,,
K2.12.4,Kelp,2,12,4,Fine,,,,,,,,,,
K2.12.5,Kelp,2,12,5,Fine,,,,,,,,,,
K2.12.6,Kelp,2,12,6,Fine,,,,,,,,,,
K2.12.7,Kelp,2,12,7,Fine,,,,,,,,,,
K2.12.8,Kelp,2,12,8,Fine,,,,,,,,,,
K2.12.9,Kelp,2,12,9,Fine,,,,,,,,,,
K2.12.10,Kelp,2,12,10,Fine,,,,,,,,,,
K2.12.11,Kelp,2,12,11,Fine,,,,,,,,,,
K2.12.12,Kelp,2,12,12,Fine,,,,,,,,,,
K2.12.13,Kelp,2,12,13,Fine,,,,,,,,,,
K2.12.14,Kelp,2,12,14,Fine,,,,,,,,,,
K2.12.15,Kelp,2,12,15,Fine,,,,,,,,,,
K2.12.16,Kelp,2,12,16,Fine,,,,,,,,,,
K2.12.17,Kelp,2,12,17,Fine,,,,,,,,,,
K2.12.18,Kelp,2,12,18,Fine,,,,,,,,,,
K2.12.19,Kelp,2,12,19,Fine,,,,,,,,,,
K2.12.20,Kelp,2,12,20,Fine,,,,,,,,,,
K2.12.21,Kelp,2,12,21,Fine,,,,,,,,,,
K2.13.1,Kelp,2,13,1,Coarse,,,,,,,,,,
K2.13.2,Kelp,2,13,2,Coarse,,,,,,,,,,
K2.13.3,Kelp,2,13,3,Coarse,,,,,,,,,,
K2.13.4,Kelp,2,13,4,Coarse,,,,,,,,,,
K2.13.5,Kelp,2,13,5,Coarse,,,,,,,,,,
K2.13.6,Kelp,2,13,6,Coarse,,,,,,,,,,
K2.13.7,Kelp,2,13,7,Coarse,,,,,,,,,,
K2.13.8,Kelp,2,13,8,Coarse,,,,,,,,,,
K2.13.9,Kelp,2,13,9,Coarse,,,,,,,,,,
K2.13.10,Kelp,2,13,10,Coarse,,,,,,,,,,
K2.13.11,Kelp,2,13,11,Coarse,,,,,,,,,,
K2.13.12,Kelp,2,13,12,Coarse,,,,,,,,,,
K2.13.13,Kelp,2,13,13,Coarse,,,,,,,,,,
K2.13.14,Kelp,2,13,14,Coarse,,,,,,,,,,
K2.13.15,Kelp,2,13,15,Coarse,,,,,,,,,,
K2.13.16,Kelp,2,13,16,Coarse,,,,,,,,,,
K2.13.17,Kelp,2,13,17,Coarse,,,,,,,,,,
K2.13.18,Kelp,2,13,18,Coarse,,,,,,,,,,
K2.13.19,Kelp,2,13,19,Coarse,,,,,,,,,,
K2.13.20,Kelp,2,13,20,Coarse,,,,,,,,,,
K2.13.21,Kelp,2,13,21,Coarse,,,,,,,,,,
K2.14.1,Kelp,2,14,1,Fine,,,,,,,,,,
K2.14.2,Kelp,2,14,2,Fine,,,,,,,,,,
K2.14.3,Kelp,2,14,3,Fine,,,,,,,,,,
K2.14.4,Kelp,2,14,4,Fine,,,,,,,,,,
K2.14.5,Kelp,2,14,5,Fine,,,,,,,,,,
K2.14.6,Kelp,2,14,6,Fine,,,,,,,,,,
K2.14.7,Kelp,2,14,7,Fine,,,,,,,,,,
K2.14.8,Kelp,2,14,8,Fine,,,,,,,,,,
K2.14.9,Kelp,2,14,9,Fine,,,,,,,,,,
K2.14.10,Kelp,2,14,10,Fine,,,,,,,,,,
K2.14.11,Kelp,2,14,11,Fine,,,,,,,,,,
K2.14.12,Kelp,2,14,12,Fine,,,,,,,,,,
K2.14.13,Kelp,2,14,13,Fine,,,,,,,,,,
K2.14.14,Kelp,2,14,14,Fine,,,,,,,,,,
K2.14.15,Kelp,2,14,15,Fine,,,,,,,,,,
K2.14.16,Kelp,2,14,16,Fine,,,,,,,,,,
K2.14.17,Kelp,2,14,17,Fine,,,,,,,,,,
K2.14.18,Kelp,2,14,18,Fine,,,,,,,,,,
K2.14.19,Kelp,2,14,19,Fine,,,,,,,,,,
K2.14.20,Kelp,2,14,20,Fine,,,,,,,,,,
K2.14.21,Kelp,2,14,21,Fine,,,,,,,,,,
K2.15.1,Kelp,2,15,1,Coarse,,,,,,,,,,
K2.15.2,Kelp,2,15,2,Coarse,,,,,,,,,,
K2.15.3,Kelp,2,15,3,Coarse,,,,,,,,,,
K2.15.4,Kelp,2,15,4,Coarse,,,,,,,,,,
K2.15.5,Kelp,2,15,5,Coarse,,,,,,,,,,
K2.15.6,Kelp,2,15,6,Coarse,,,,,,,,,,
K2.15.7,Kelp,2,15,7,Coarse,,,,,,,,,,
K2.15.8,Kelp,2,15,8,Coarse,,,,,,,,,,
K2.15.9,Kelp,2,15,9,Coarse,,,,,,,,,,
K2.15.10,Kelp,2,15,10,Coarse,,,,,,,,,,
K2.15.11,Kelp,2,15,11,Coarse,,,,,,,,,,
K2.15.12,Kelp,2,15,12,Coarse,,,,,,,,,,
K2.15.13,Kelp,2,15,13,Coarse,,,,,,,,,,
K2.15.14,Kelp,2,15,14,Coarse,,,,,,,,,,
K2.15.15,Kelp,2,15,15,Coarse,,,,,,,,,,
K2.15.16,Kelp,2,15,16,Coarse,,,,,,,,,,
K2.15.17,Kelp,2,15,17,Coarse,,,,,,,,,,
K2.15.18,Kelp,2,15,18,Coarse,,,,,,,,,,
K2.15.19,Kelp,2,15,19,Coarse,,,,,,,,,,
K2.15.20,Kelp,2,15,20,Coarse,,,,,,,,,,
K2.15.21,Kelp,2,15,21,Coarse,,,,,,,,,,